{"slope": -0.13738222032761446, "intercept": 268.752756944083}